<?xml version="1.0" encoding="UTF-8"?>
<root>
    <letter n="1">
        <title>Leaves</title>
        <author>Lloyd Schwartz</author>
        <date time="year">- 1941-</date>






        <number>1</number>

        <p n="1">Every <date time="month">October</date> it becomes important, no, necessary to see
            the <nature cat="plant">leaves</nature> turning, to be surrounded by <nature cat="plant"
                >leaves</nature> turning; it's not just the symbolism, to confront in the death of
            the year your death, one blazing farewell appearance, though the irony isn't lost on you
            that <nature cat="word">nature</nature> is most <feeling emotion="intense"
                >seductive</feeling> when it's about to die, flaunting the dazzle of its incipient
            exit, an ending that at least so far the effects of human progress (<manmade
                cat="unnatural">pollution</manmade>, <nature cat="weather">acid rain</nature>) have
            not yet <feeling emotion="fear">frightened</feeling> you enough to make you believe is
            real; that is, you know this ending is a deception because of course <nature cat="word"
                >nature</nature> is always renewing itself— the <nature cat="plant">trees</nature>
            don't die, they just pretend, go out in style, and return in style: a new style.</p>





        <number>2</number>

        <p n="2">Is it deliberate how far they make you go especially if you live in the <manmade
                cat="economy">city</manmade> to get far enough away from home to see not just
                <nature cat="plant">trees</nature> but only <nature cat="plant">trees</nature>? The
            boring <manmade cat="economy">highways</manmade>, <manmade cat="accessory"
                >roadsigns,</manmade>
            <manmade cat="accessory">high speeds,</manmade>
            <manmade cat="vehicle">10-axle trucks</manmade> passing you as if they were in an even
            greater hurry than you to look at <nature cat="plant">leaves</nature>: so you drive in
            terror for literal hours and it looks like <nature cat="weather">rain,</nature> or
                <nature cat="weather">snow,</nature> but it's probably just <nature cat="air"
                >clouds</nature> (too <nature cat="weather">cloudy</nature> to see any color?) and
            you wonder, given the <manmade cat="economy">poverty</manmade> of your memory, which
                <manmade cat="economy">road</manmade> had the most color last year, but it doesn't
            matter since you're probably too <times>late</times> anyway, or too <times>early</times>—
            whichever <manmade cat="economy">road</manmade> you take will be the wrong one and
            you've probably come all this way for nothing.</p>






        <number>3</number>

        <p n="3">You'll be driving along <feeling emotion="saddness">depressed</feeling> when
            suddenly a <nature cat="weather">cloud</nature> will move and the <nature cat="weather"
                >sun</nature> will muscle through and ignite the <nature cat="earth">hills</nature>.
            It may not last. Probably won't last. But for a moment the whole world comes to. Wakes
            up. Proves it lives. It lives— <color pri="primary">red,</color>
            <color pri="primary">yellow,</color>
            <color pri="yellow" op="red">orange,</color>
            <color >brown,</color>
            <color>russet,</color>
            <color>ocher,</color>
            <color>vermilion,</color>
            <color>gold</color>. Flame and rust. Flame and rust, the permutations of burning. You're
            on fire. <feeling>Your eyes are on fire.</feeling> It won't last, <feeling
                emotion="want">you don't want it to last.</feeling>
            <feeling emotion="dislike">You can't stand any more.</feeling> But <feeling
                emotion="want">you don't want it to stop.</feeling> It's what you've come for. It's
            what you'll come back for. It won't stay with you, but<feeling emotion="memory"> you'll
                remember that it felt</feeling> like nothing else you've felt or <feeling
                emotion="nostalgia">something you've felt that also didn't last.</feeling></p>
    </letter>

    <letter n="2">
        <title>Baccarat, <date time="monthDayYear">July 24th, 1918.</date></title>
        <p>A wonderful moon <times measure="nighttime">to-night</times> and the <place where="country"
                >countryside</place> transformed under its silvery radiance. We have had terrible
                <times measure="nighttime">nights</times> for a <date time="week">week</date> now and
            we are all more or less worn out with little sleep and long hot <date time="day"
                >days</date>. The <ethnicity descent="Germany">German</ethnicity> planes have been
            coming over as regularly as clock work and as this sector is unimportant compared to
            others farther up the line, <feeling emotion="fear">we aren't really protected at
                all.</feeling> An <ethnicity descent="England">English</ethnicity> aëroplane field
            lies some miles in the country behind us and they do what they can to help drive off the
            enemy planes but they aren't able to accomplish much as they have a huge area to cover
            and very little equipment.</p>
        <p>I thought I knew what an air raid was like after being in <place where="France"
                >Paris</place> for <date time="month">six months,</date> but in comparison, those
            raids seem like mere child's play. Ever since the moon was <date time="day"
                    ><number>two</number> days</date> old, the <ethnicity descent="Germany"
                >Germans</ethnicity> haven't missed a single <times measure="nighttime">night</times>
            and as soon as it gets dark, we hear the <feeling emotion="scary">ominous</feeling>
            whirr. At once the <feeling emotion="calm">peace</feeling> and quiet evaporate as if by
            magic and the whole atmosphere becomes alive with expectation and silent <feeling
                emotion="fear">fears</feeling>. The church bell is set ringing <feeling
                emotion="fierce">furiously</feeling> and the doleful sirens begin their wailing from
            several parts of the town at once. <manmade cat="economy">Windows</manmade> are thrown
            open and people begin to call back and forth to each other. This lasts only a <times
                measure="seconds">few moments</times> and then complete and utter silence. Every one
            has gone below ground and the town lies waiting in the <times measure="nighttime"
                >moonlight</times>.</p>
        <p>At first I refused to take refuge <place where="cellar">"dans la cave"</place>
            <place where="downstairs">(the cellar)</place> partly because I didn't want to be
            smothered to death beneath the <manmade cat="construction">plaster</manmade> and
                <manmade cat="construction">brick walls</manmade> of the <manmade cat="economy"
                >house</manmade>. A direct hit seemed infinitely preferable to that, also, strange
            as it may seem, I had <feeling emotion="dislike">no desire</feeling> to get out of
                <manmade cat="accessory">bed.</manmade> I had lost so much sleep and had been
            working so hard, that <times measure="nighttime">night</times> generally found me <feeling
                emotion="greatfulness">thankful</feeling> for a <manmade cat="accessory"
                >bed.</manmade> Even if the noise of <manmade cat="weaponry">guns</manmade> kept me
            awake I could rest, and the moist, chilly <place where="downstairs">cellar</place> held
            no charms! However, I found that staying "au lit" in the midst of an air raid was
            unheard of in these parts and <person>Madame M.</person> rushed into my room and with
                <feeling emotion="emotional">tears in her eyes</feeling> implored me to accompany
            her below. The poor little old lady <feeling emotion="fear">fears</feeling> the avions
            above all else and the sound of their <manmade cat="accessory">motors</manmade> drives
            her into a frenzy of <feeling emotion="fear">fear.</feeling> In order to <feeling
                emotion="calm">calm</feeling> her I threw on a few <manmade cat="clothing"
                >clothes</manmade> and we stumbled down the narrow <manmade cat="accessory"
                >stairs</manmade> and spent the <times measure="hour">dark hours</times> huddled in a
            little group around a <manmade cat="object">candle</manmade> that sputtered and
            flickered in the draughty, damp air. Our party consists always of <person pe="name"
                >Madame, Joséphine,</person>
            <person pe="description">a French officer,</person> who is likewise billeted in the
                <manmade cat="economy">house,</manmade> and myself. The first <times
                meausre="nighttime">night</times> that we spent in the <place where="downstairs"
                >cellar,</place> he was already below when we ladies arrived. I have never seen a
            more droll figure and I wonder now how I ever kept my face straight. He was attired in
                <color>pink</color> and <color>white</color>
            <manmade cat="clothing">pajamas</manmade> and on his head at a jaunty angle sat his most
                <manmade cat="clothing">dressy uniform cap</manmade> covered with
                <color pri="yellow" op="shiny">gold</color> braid and <color pri="blue" op="white">pale blue</color> broadcloth! Undoubtedly he
            felt it added dignity and a certain modesty to his appearance. As we came down he was
            pacing up and down the mud floor in his bare feet! He told me that he had been through
                <date time="year">four years</date> of war, had seen comrades blown to atoms right
            beside him. "I know what these bombs can do, I have seen with my <number>two</number>
            eyes, it is folly not to seek shelter in a raid, so when I hear the Boches coming, I
            leap from my <manmade cat="accessory">bed</manmade> et je me sauve, Mademoiselle." I
            felt that he was right and that the <ethnicity descent="France">French</ethnicity> must
            be thinking some of us very children who are still taking war as a game, and looking
            upon our folly and <feeling emotion="courage">daring</feeling> as <feeling
                emotion="courage">bravery.</feeling> Surely no one has any business to waste his
            life. For the first and perhaps the last time our lives are infinitely important and
            useful.</p>
        <p>This officer is really a very good sort and entertains us during the long <times
                measure="hour">hours</times> with tales of all sorts. We discuss the war at great
            length and try and keep our minds occupied and off of the terrible sounds overhead. It's
            great for my <ethnicity descent="France">French</ethnicity> and I am improving.
            Sometimes the noise is deafening, the anti-air-craft <manmade cat="weaponry"
                >guns</manmade> keep up a continuous fire and yet the <ethnicity descent="Germany"
                >Germans</ethnicity> don't seem to be the least bit <feeling emotion="intimidation"
                >daunted</feeling> and fly just above the tops of the <nature cat="plant"
                >trees,</nature> placing their <manmade cat="weaponry">bombs</manmade> with the most
            pitiless accuracy. <date time="day">Last night</date>
            <number>three</number>
            <manmade cat="economy">houses</manmade> in this neighborhood were hit and in the old
            mill, half a block away, a <person>young woman</person> and her <person>little
                girl</person> were killed. It was a ghastly few hours. <person>Madame</person> had
            one fit of hysterics right after another and threw herself about the <place
                where="downstairs">cellar</place> in a spasm of <feeling emotion="fear">fear,
                trembling violently and moaning and crying.</feeling> It was one of the most
                <feeling emotion="dislike">pathetic</feeling> and <feeling emotion="dislike"
                >terrible</feeling> sights I have ever seen. We tried to quiet her but as the
                <manmade cat="weaponry">bombs</manmade> were literally falling all about us, there
            wasn't much one could say to cheer her. When <number>one</number>
            <manmade cat="vehicle">plane</manmade> had dropped its supply of horror it would dash
            back and in <times measure="minutes"><number>ten</number> minutes</times> another would be
            swooping and sailing above us and the crash and uproar would begin again. In order that
            they may see better to do their hideous work, they drop a <manmade cat="object"
                >flare</manmade> which illuminates the town as though it were <times
                measure="daytime">day.</times> By the time the strong light has burned itself out
            several <manmade cat="weaponry">bombs</manmade> can be neatly placed.</p>
        <p>The raid generally begins about <times measure="hour"><number>nine</number> o'clock</times>
            and the <manmade cat="vehicle">planes</manmade> come over in rapid succession until
                <times measure="daytime">dawn.</times> It is extraordinary what an effect the sound of
            the <ethnicity descent="Germany">German</ethnicity>
            <manmade cat="accessory">motor</manmade> has upon <number>one.</number> The noise even
            at a great distance will wake me out of a sound sleep whereas our own <manmade
                cat="vehicle">planes</manmade> can fly right past my <manmade cat="accessory"
                >window</manmade> and I never know it.</p>
        <p>This <times measure="daytime">morning</times> the <manmade cat="economy">town</manmade> is
            really upset. <times measure="nighttime">Last night's</times> raid was the worst yet.
                <number>Two</number> of our soldiers in the Evacuation Hospital were killed and a
            great number of <ethnicity descent="France">French.</ethnicity> A <manmade
                cat="weaponry">bomb</manmade> lit <place where="groundLevel">across the
                street</place> from the Y and this <times measure="daytime">morning</times> I found
            all my <manmade cat="object">canteen windows</manmade> smashed into a
                <number>thousand</number> pieces. The Boches dropped several notes all over the
            streets written in <ethnicity descent="France">French</ethnicity> which said "If you
            think <times measure="nighttime">last night's</times> raid a bad <number>one,</number>
            wait for <times measure="nighttime">to-night.</times> We will break all records." The
            consequence is that the morale is not very good, every one worn out with no sleep,
            horror piled on horror, and the <feeling emotion="eagerness">anticipation</feeling> of
            worse things <times measure="nighttime">to-night.</times></p>
        <p>Later <times measure="daytime">-Same day.</times></p>
        <p><times measure="daytime">To-day</times> is a sizzler, quite the worse we've had. The dust
            pours in at the <manmade cat="accessory">windows</manmade> and the <manmade
                cat="accessory">canteen</manmade> is black with flies. We've been making <manmade
                cat="consumable">lemonade</manmade> for hundreds of hot, tired soldiers. They come
            in <color>white</color> with dust and the perspiration running down their cheeks. No
            cotton <manmade cat="clothing">uniforms</manmade> to be issued this summer; the boys
            have to wear their woolly winter ones, poor darlings, and can't even take their <manmade
                cat="clothing">blouses</manmade> off. The result is that if this weather continues
            the entire A. E. F. will be reduced to a grease spot!</p>
        <p>We have made <number>a hundred</number> and <number>sixty</number> liters of <manmade
                cat="consumable">lemonade</manmade>
            <times measure="daytime">to-day;</times> the <manmade cat="accessory">canteen</manmade>
            has been jammed to the doors since <times measure="daytime">early morning</times> with
            men, tongues hanging out and clammering for something "cold and wet." The boys stand
            around in a huge ring while we make the <manmade cat="consumable">lemonade,</manmade>
            offering all kinds of advice and suggestions; I have quite a time keeping them on the
            other side of the counter; they all want to help but we can't use more than three
            stalwart and professional lemon squeezers! When the huge tank is finally filled, there
            are loud cheers from all present and it is worth anything to see the gusto with which
            they dispatch the <manmade cat="consumable">lemonade</manmade> down their dusty
            throats.</p>
        <p>How I love this place, -it's perfectly great being attached to a division.</p>
        <p><person pe="name">Westy,</person>
            <person pe="name">Alice,</person>
            <person pe="name">Squibby,</person> who have <manmade cat="accessory">canteens</manmade>
            in little <manmade cat="economy">villages</manmade> nearby, are in here quite frequently
            and we compare notes and discuss methods, and our various problems at length. I imagine
            some of us will shortly be sent back to Aix as our <date time="month">month</date> of
            change is nearing its end. I can't tell you how I <feeling emotion="dislike"
                >hate</feeling> the thought of leaving, although of course I want to be where I am
            most needed. The simplicity of this place is a great contrast to Aix and does appeal to
            me so much more than the gay whirl down there with the <place>Casino</place> and all its
            marble halls and broad terraces. There the boys come and go and you do all you can to
            cheer them, but here they aren't on leave and are up against the real thing, and, if
            possible, need a bit of feminine companionship more than anywhere else. Also one belongs
            to a unit and after a while you come to feel a very distinct sense of proprietorship,
            your hopes and fears and special prayers are centered about the men of your outfit and
            their failures and successes are very much your own. O! I do hope that the Y will let me
            stay right where I am. I have made up my mind of course to be a good soldier whatever
            comes, but I am <feeling emotion="hope">hoping,</feeling> hoping hard <times
                measure="minute">every minute</times> that I shall be allowed to stay.</p>
    </letter>
    <letter>
        <date time="monthDayYear">July 8th, 1917</date>
        <p><date time="day">Friday</date> night we entered the war zone at <times measure="hour"
                    ><number>seven</number> o'clock</times> but you would never know it. Aside from
            boat-drills and sleeping on deck people act as usual. The officers on the boat are very
            particular about the drills; several times the alarm has sounded and we have been taught
            just what to do in case we are hit. It's very <feeling emotion="humorous"
                >funny</feeling> to see the people rush below for their valuables, strapping on
            their life preservers as they go (which we always have near at hand wherever we are -on
            deck or in the saloon). In about <times measure="minutes"><number>five</number>
                minutes</times> we are lined up, divided into groups in front of our own particular
            life-boats which have been swung out over the sea ready to lower. Every one is checked
            off and each man is told what woman he is to save. (Great <feeling emotion="elevated"
                >excitement</feeling> at this point as no one of the men wants to save the lady
            detailed to him, but some one in another boat!) We all stand about looking too absurd
            and bumping into each other's <manmade cat="accessory">life preservers</manmade> on the
            crowded <place where="ship">upper deck.</place> Finally the signal is given which
            releases us, and we all file down </p>
        <p> again to take off the clumsy heavy jackets of safety and regale ourselves with various
                <feeling emotion="delight">amusements</feeling> on the deck.</p>

        <p> Rumor has it that <number>two</number> ships have been sunk, <number>one</number> in the
            course ahead of where we were <date time="day">yesterday</date> and the other about an
                <times measure="hour">hour</times> behind us. No one knows how many lives were lost.
            Perhaps those <number>three</number> submarines were more fact than fiction after
            all.</p>

        <p> It is thought that we should make Bordeaux by <date time="day">Tuesday</date>
            <times measure="daytime">morning</times> if all goes well and that the convoy which should
            have met us <date time="days">days ago</date> will be with us <times measure="nighttime"
                >to-night.</times></p>

        <p> This being <date time="day">Sunday,</date> the boys on board are very much dressed up,
            that is to say they are wearing clean <manmade cat="clothing">shirts</manmade> and have their hair brushed! It's a perfect
            day, <nature cat="weather">warm</nature> and <nature cat="weather">cloudless</nature>,
            and I've been lying in the sun adding to my coat of tan. We all feel quite <feeling
                emotion="saddness">sad</feeling> that the voyage is so nearly over -it has been such
            loads of <feeling emotion="elevated">fun</feeling> and I shall <feeling emotion="dislike">hate</feeling> saying good-by to
            every one.</p>

        <signature>La Touraine</signature>
    </letter>
</root>
